[
    {
        "cast_name": "Tyrion Lannister",
        "og_name": "Peter Dinklage",
        "url": "https://vignette.wikia.nocookie.net/gameofthrones/images/5/58/Tyrion_main_s7_e6.jpg/revision/latest?cb=20170818050344"
    },
    {
        "cast_name": "Daenerys Targaryen",
        "og_name": "Emilia Clarke",
        "url": "https://vignette.wikia.nocookie.net/gameofthrones/images/5/5f/Daenerys_Dragonpit.jpg/revision/latest?cb=20171015095128"
    },
    {
        "cast_name": "Jon Snow",
        "og_name": "kit Harington",
        "url": "https://vignette.wikia.nocookie.net/gameofthrones/images/a/a5/Profile-JonSnow-707.png/revision/latest?cb=20170828030553"
    },
    {
        "cast_name": "Cersei Lannister",
        "og_name": "Lena Heady",
        "url": "https://vignette.wikia.nocookie.net/gameofthrones/images/c/c3/Profile-CerseiLannister.png/revision/latest?cb=20170828071355"
    },
    {
        "cast_name": "Sansa Stark",
        "og_name": "Sophie Turner",
        "url": "https://vignette.wikia.nocookie.net/gameofthrones/images/7/7e/Sansastark706.jpg/revision/latest/scale-to-width-down/316?cb=20170828072803"
    },
    {
        "cast_name": "Arya Stark",
        "og_name": "Maisie Williams",
        "url": "https://pond.realdecoy.com/wp-content/themes/betheme-child/pic.php?id=212"
    },
    {
        "cast_name": "Petyr Baelish",
        "og_name": "Aidan Gillen",
        "url": "https://vignette.wikia.nocookie.net/gameofthrones/images/9/9f/Profile-Littlefinger.png/revision/latest?cb=20170826005231"
    },
    {
        "cast_name": "Joffrey Baratheon",
        "og_name": "Jack Gleeson",
        "url": "https://vignette.wikia.nocookie.net/gameofthrones/images/2/25/Joffrey_Season_4_Episode_2_TLATR.jpg/revision/latest?cb=20171105180252"
    },
    {
        "cast_name": "Ceri Watson",
        "og_name": "People Development Manager",
        "url": "https://pond.realdecoy.com/wp-content/themes/betheme-child/pic.php?id=4"
    },
    {
        "cast_name": "Michael Dann",
        "og_name": "Technical Manager",
        "url": "https://pond.realdecoy.com/wp-content/themes/betheme-child/pic.php?id=207"
    }
]